{"stats":{"minecraft:picked_up":{"minecraft:stick":8,"minecraft:sand":14,"minecraft:oak_log":9},"minecraft:custom":{"minecraft:time_since_rest":6312,"minecraft:crouch_one_cm":860,"minecraft:play_time":6312,"minecraft:sprint_one_cm":6733,"minecraft:walk_one_cm":6469,"minecraft:sneak_time":175,"minecraft:walk_under_water_one_cm":708,"minecraft:jump":97,"minecraft:damage_dealt":10,"minecraft:leave_game":1,"minecraft:walk_on_water_one_cm":387,"minecraft:time_since_death":6312,"minecraft:total_world_time":6312,"minecraft:swim_one_cm":2061,"minecraft:fall_one_cm":2148,"minecraft:fly_one_cm":19426},"minecraft:crafted":{"minecraft:oak_planks":36,"minecraft:crafting_table":1},"minecraft:used":{"minecraft:sand":7},"minecraft:mined":{"minecraft:oak_log":9,"minecraft:flowering_azalea_leaves":2,"minecraft:dead_bush":6,"minecraft:sand":14,"minecraft:azalea_leaves":7}},"DataVersion":3700}