{"stats":{"minecraft:mined":{"minecraft:dead_bush":3,"minecraft:wheat":4,"minecraft:sugar_cane":2,"minecraft:wall_torch":1,"minecraft:green_bed":1},"minecraft:used":{"minecraft:wheat_seeds":4},"minecraft:custom":{"minecraft:time_since_rest":8761,"minecraft:play_time":8761,"minecraft:sprint_one_cm":17472,"minecraft:walk_one_cm":25626,"minecraft:jump":130,"minecraft:leave_game":1,"minecraft:time_since_death":8761,"minecraft:walk_on_water_one_cm":217,"minecraft:total_world_time":8761,"minecraft:fall_one_cm":3216,"minecraft:talked_to_villager":1,"minecraft:fly_one_cm":40329},"minecraft:picked_up":{"minecraft:stick":2,"minecraft:wheat":4,"minecraft:torch":1,"minecraft:wheat_seeds":12,"minecraft:green_bed":1,"minecraft:sugar_cane":6,"minecraft:mutton":1,"minecraft:white_wool":1}},"DataVersion":3839}